{
    "bedrock_roof_position": -10,
    "bedrock_floor_position": 0,
    "sea_level": 63,
    "disable_mob_generation": false,
    "structures": {
      "stronghold": {
        "distance": 32,
        "spread": 3,
        "count": 128
      },
      "structures": {
        "minecraft:buried_treasure": {
          "spacing": 1,
          "separation": 0,
          "salt": 0
        },
        "minecraft:ocean_ruin": {
          "spacing": 20,
          "separation": 8,
          "salt": 14357621
        },
        "minecraft:shipwreck": {
          "spacing": 24,
          "separation": 4,
          "salt": 165745295
        }
      }
    },
    "noise": {
      "random_density_offset": true,
      "density_factor": 1.0,
      "density_offset": -0.46875,
      "simplex_surface_noise": true,
      "bottom_slide": {
        "target": -30,
        "size": 0,
        "offset": 0
      },
      "size_horizontal": 1,
      "size_vertical": 2,
      "height": 256,
      "sampling": {
        "xz_scale": 0.9999999814507745,
        "y_scale": 0.9999999814507745,
        "xz_factor": 80.0,
        "y_factor": 160.0
      },
      "amplified": false,
      "island_noise_override": false,
      "top_slide": {
        "target": -10,
        "size": 3,
        "offset": 0
      }
    },
    "default_block": {
      "Name": "minecraft:stone"
    },
    "default_fluid": {
      "Properties": {
        "level": "0"
      },
      "Name": "minecraft:water"
    }
  }