{
    "precipitation": "rain",
    "category": "ocean",
    "depth": -2,
    "scale": 3,
    "temperature": 0.5,
    "player_spawn_friendly": false,
    "creature_spawn_probability": 0.8,
    "temperature_modifier": "none",
    "downfall": 0.3,
    "effects": {
        "sky_color": 15917823,
        "fog_color": 15917823,
        "water_color": 4559753,
        "water_fog_color": 329011
    },
    "surface_builder": "worlds:forest",
    "spawners": {
        "ambient": [],
        "misc": [],
        "monster": [
            {
                "type": "minecraft:drowned",
                "weight": 100,
                "maxCount": 4,
                "minCount": 4
            }
        ],
        "water_ambient": [
            {
                "type": "minecraft:pufferfish",
                "weight": 50,
                "maxCount": 4,
                "minCount": 4
            },
            {
                "type": "minecraft:dolphin",
                "weight": 45,
                "maxCount": 4,
                "minCount": 4
            },
            {
                "type": "minecraft:turtle",
                "weight": 30,
                "maxCount": 4,
                "minCount": 4
            },
            {
                "type":"minecraft:tropical_fish",
                "weight": 50,
                "maxCount": 4,
                "minCount": 4
            }
        ]
    },
    "spawn_costs": {
        "minecraft:drowned": {
            "energy_budget": 0.12,
            "charge": 1
        }
    },
    "starts": [
        "minecraft:ruined_portal_ocean",
        "minecraft:ocean_ruin_warm"
    ],
    "carvers": {
        "liquid": [
            "minecraft:underwater_cave",
            "minecraft:underwater_canyon"
        ]
    },
    "features": [
        [],
        [],
        [],
        [
            "minecraft:monster_room"
        ],
        [],
        [],
        [
          "minecraft:ore_dirt",
          "minecraft:ore_gravel",
          "minecraft:ore_granite",
          "minecraft:ore_diorite",
          "minecraft:ore_andesite",
          "minecraft:ore_coal",
          "minecraft:ore_iron",
          "minecraft:ore_gold",
          "minecraft:ore_redstone",
          "minecraft:ore_diamond",
          "minecraft:ore_lapis",
          "minecraft:disk_sand",
          "minecraft:disk_clay",
          "minecraft:disk_gravel"
        ],
        [
            "worlds:some_tree_red",
            "seagrass_deep_warm",
            "minecraft:warm_ocean_vegetation"
        ],
        []
    ]
}