{
    "type": "worlds:ocean",
    "generator": {
        "type": "minecraft:noise",
        "seed": 9087655586,
        "settings": "worlds:overworld",
        "biome_source": {
            "seed": 7954739859,
            "type": "minecraft:multi_noise",
            "biomes": [
                {
                    "parameters": {
                        "altitude": 0.0,
                        "weirdness": 0.0,
                        "offset": 0.0,
                        "temperature": 0.0,
                        "humidity": 0.0
                    },
                    "biome": "worlds:crimson"
                    },
                    {
                    "parameters": {
                        "altitude": 0.0,
                        "weirdness": 0.0,
                        "offset": 0.0,
                        "temperature": 0.0,
                        "humidity": -0.5
                    },
                    "biome": "worlds:dead_delta"
                    },
                    {
                    "parameters": {
                        "altitude": 0.0,
                        "weirdness": 0.0,
                        "offset": 0.0,
                        "temperature": 0.4,
                        "humidity": 0.0
                    },
                    "biome": "worlds:warped"
                }
            ],
            "altitude_noise": {
                "firstOctave": -7,
                "amplitudes": [
                    1.0,
                    1.0
                ]
            },
            "temperature_noise": {
                "firstOctave": -7,
                "amplitudes": [
                    1.0,
                    1.0
                ]
            },
            "weirdness_noise": {
                "firstOctave": -7,
                "amplitudes": [
                    1.0,
                    1.0
                ]
            },
            "humidity_noise": {
                "firstOctave": -7,
                "amplitudes": [
                    1.0,
                    1.0
                ]
            }
        }
    }
}