{
    "type": "minecraft:tree",
    "config": {
        "trunk_provider": {
            "type": "minecraft:simple_state_provider",
            "state": {
                "Name": "crimson_stem",
                "Properties": {
                    "axis": "y"
                }
            }
        },
        "leaves_provider": {
            "type": "minecraft:simple_state_provider",
            "state": {
                "Name": "nether_wart_block"
            }
        },
        "heightmap": "OCEAN_FLOOR",
        "decorators": [],
        "minimum_size": {
            "type": "minecraft:two_layers_feature_size"
        },
        "trunk_placer": {
            "base_height": 5,
            "type": "minecraft:straight_trunk_placer",
            "height_rand_a": 8,
            "height_rand_b": 0
        },
        "foliage_placer": {
            "offset": 0,
            "radius": 2,
            "type": "minecraft:blob_foliage_placer",
            "height": 3
        },
        "max_water_depth": 70,
        "ignore_vines": true
    }
}